project_id,cycle_no,run_id,status,started_at,completed_at,retrospective_started_at,retrospective_completed_at,next_cycle_at,retrospective_summary,optimization_snapshot,created_at,updated_at
newsloop-agenticv2-0801,1,2ab41b733748,completed,2026-04-07 18:33:58.856354+00,2026-04-07 18:50:32.860601+00,2026-04-07 18:44:44.012433+00,2026-04-07 18:50:30.122146+00,2026-04-07 18:50:43.20731+00,"本轮执行中，worker-33 与 worker-xhs 审核通过存在明显缺陷的成品，暴露出审核机制失效。产品层面，摘要截断导致信息残缺、元数据裸露破坏沉浸感、分类逻辑粗糙稀释高价值内容，与竞品相比首屏冲击力不足。根本原因在于层级判断滞后，且 material.review、draft.proofread 与 product.test 三条检查线职责混淆，未能拦截低级错误。下轮将分离三条检查线并前置层级判断，强化摘要完整性与视觉规范。Tester 需厘清 gate 检查线，Editor 需提前建立层级并落实修订。
话题收口：
- 产品问题: 本话题确认了摘要截断导致信息残缺的核心体验问题，根源在于层级判断滞后与检查线职责混淆。决定在下一轮将 material.review、draft.proofread 与 product.test 三条检查线分离，并前置层级判断流程。下一轮由 tester 负责厘清 gate 检查线，editor 负责提前建立层级并落实修订。","{""33"": {""summary"": ""政治经济/科技板块先白名单采集，再做影响句补写和同源去重。"", ""agent_id"": ""33"", ""updated_at"": ""2026-04-08T02:50:31.315527+08:00"", ""version_cycle"": 1, ""exposed_issues"": [""本轮暴露出规则前置不足，容易把质量问题拖到后置 review。""], ""quality_checks"": [""去掉同一事件的重复来源"", ""主推候选必须带至少 3 张可用图片的来源""], ""strategy_label"": ""collector-33-cycle-1-whitelist"", ""optimization_log"": {""combined"": [], ""compiled_rules"": [], ""human_guidance"": [], ""agent_generated"": []}, ""source_blacklist"": [""低质量聚合站""], ""source_whitelist"": [""Reuters"", ""Associated Press"", ""Bloomberg"", ""Financial Times"", ""The Verge"", ""TechCrunch"", ""官方公告""], ""execution_strategy"": [""优先 Reuters、AP、BBC、FT、Bloomberg、官方公告"", ""科技条目优先公司官方博客/公告和主流科技媒体"", ""每条补一条“为什么值得关注”的中文影响句""], ""next_cycle_strategy"": [""优先 Reuters、AP、BBC、FT、Bloomberg、官方公告"", ""科技条目优先公司官方博客/公告和主流科技媒体"", ""每条补一条“为什么值得关注”的中文影响句""], ""retrospective_memory"": ""本轮执行中，worker-33 与 worker-xhs 审核通过存在明显缺陷的成品，暴露出审核机制失效。产品层面，摘要截断导致信息残缺、元数据裸露破坏沉浸感、分类逻辑粗糙稀释高价值内容，与竞品相比首屏冲击力不足。根本原因在于层级判断滞后，且 material.review、draft.proofread 与 product.test 三条检查线职责混淆，未能拦截低级错误。下轮将分离三条检查线并前置层级判断，强化摘要完整性与视觉规范。Tester 需厘清 gate 检查线，Editor 需提前建立层级并落实修订。\n话题收口：\n- 产品问题: 本话题确认了摘要截断导致信息残缺的核心体验问题，根源在于层级判断滞后与检查线职责混淆。决定在下一轮将 material.review、draft.proofread 与 product.test 三条检查线分离，并前置层级判断流程。下一轮由 tester 负责厘清 gate 检查线，editor 负责提前建立层级并落实修订。"", ""role_improvement_plan"": ""33 下一轮会把别人点到的问题前置处理，并把复盘总结里的要求拆成可执行检查。 当前收敛基线：本轮执行中，worker-33 与 worker-xhs 审核通过存在明显缺陷的成品，暴露出审核机制失效。产品层面，摘要截断导致信息残缺、元数据裸露破坏沉浸感、分类逻辑粗糙稀释高价值内容，与竞品相比首屏冲击力不足。根本原因在于层级判断滞后…"", ""next_cycle_quality_checks"": [""去掉同一事件的重复来源"", ""主推候选必须带至少 3 张可用图片的来源""]}, ""xhs"": {""summary"": ""体育娱乐/其他板块优先官方渠道，短讯更紧凑，图片稳定性优先。"", ""agent_id"": ""xhs"", ""updated_at"": ""2026-04-08T02:50:31.435020+08:00"", ""version_cycle"": 1, ""exposed_issues"": [""本轮暴露出规则前置不足，容易把质量问题拖到后置 review。""], ""quality_checks"": [""减少边缘八卦内容，优先全球影响更大的事件"", ""图片链接必须直接可访问""], ""strategy_label"": ""collector-xhs-cycle-1-tight-briefs"", ""optimization_log"": {""combined"": [], ""compiled_rules"": [], ""human_guidance"": [], ""agent_generated"": []}, ""source_blacklist"": [""无来源转载站""], ""source_whitelist"": [""ESPN"", ""BBC Sport"", ""官方赛事渠道"", ""Variety"", ""Reuters"", ""AP""], ""execution_strategy"": [""优先赛事官方、主流文娱媒体和国际主流媒体"", ""短讯先保留结果、时间、影响范围，再补背景"", ""图片优先首发稿源或官方图床""], ""next_cycle_strategy"": [""优先赛事官方、主流文娱媒体和国际主流媒体"", ""短讯先保留结果、时间、影响范围，再补背景"", ""图片优先首发稿源或官方图床""], ""retrospective_memory"": ""本轮执行中，worker-33 与 worker-xhs 审核通过存在明显缺陷的成品，暴露出审核机制失效。产品层面，摘要截断导致信息残缺、元数据裸露破坏沉浸感、分类逻辑粗糙稀释高价值内容，与竞品相比首屏冲击力不足。根本原因在于层级判断滞后，且 material.review、draft.proofread 与 product.test 三条检查线职责混淆，未能拦截低级错误。下轮将分离三条检查线并前置层级判断，强化摘要完整性与视觉规范。Tester 需厘清 gate 检查线，Editor 需提前建立层级并落实修订。\n话题收口：\n- 产品问题: 本话题确认了摘要截断导致信息残缺的核心体验问题，根源在于层级判断滞后与检查线职责混淆。决定在下一轮将 material.review、draft.proofread 与 product.test 三条检查线分离，并前置层级判断流程。下一轮由 tester 负责厘清 gate 检查线，editor 负责提前建立层级并落实修订。"", ""role_improvement_plan"": ""xhs 下一轮会把别人点到的问题前置处理，并把复盘总结里的要求拆成可执行检查。 当前收敛基线：本轮执行中，worker-33 与 worker-xhs 审核通过存在明显缺陷的成品，暴露出审核机制失效。产品层面，摘要截断导致信息残缺、元数据裸露破坏沉浸感、分类逻辑粗糙稀释高价值内容，与竞品相比首屏冲击力不足。根本原因在于层级判断滞后…"", ""next_cycle_quality_checks"": [""减少边缘八卦内容，优先全球影响更大的事件"", ""图片链接必须直接可访问""]}, ""neko"": {""summary"": ""审核前置、主推影响优先、复盘收敛更结构化。"", ""agent_id"": ""neko"", ""updated_at"": ""2026-04-08T02:50:31.022920+08:00"", ""version_cycle"": 1, ""exposed_issues"": [""别人指出：我从 gate 角度说，这轮最不该被放过去的是“摘要截断导致信息残缺：所有新闻摘要均在句中戛然而止（如 'after Kany', 'is $200 off f'），首屏阅读体验被强行打断，用户无法获取关键…”。如果 material.r…"", ""我认领：这轮先不做礼貌性收口，只抓最值得争的点。 1. 摘要截断导致信息残缺：所有新闻摘要均在句中戛然而止（如 'after Kany', 'is $200 off f'），首屏阅读体验被强行打断，用户无法获取关键信息，显得非常不专业。 2. 元…""], ""quality_checks"": [""每板块至少 10 条且主推/副推图片满足结构要求"", ""review/reject 原因必须可执行"", ""复盘总结必须包含问题、堵点、缺失能力、下一轮建议"", ""新增自检：确认“这轮先不做礼貌性收口，只抓最值得争的点。 1. 摘要截断导致信息残缺：所有新闻摘要均在句中戛然而止…”不再重复出现""], ""strategy_label"": ""neko-cycle-1-review-first"", ""optimization_log"": {""combined"": [], ""compiled_rules"": [], ""human_guidance"": [], ""agent_generated"": []}, ""review_standards"": [""拒绝图片不稳定、来源不可靠、发布时间超窗的候选"", ""主推必须具备影响描述和三图资源""], ""execution_strategy"": [""dispatch 时明确给出热点性、图片数、时效三条硬约束"", ""审核优先看图片和时效，再看热点性和去重"", ""终稿前先校对四板块主推首句是否直达影响"", ""针对复盘指出的问题，优先修正：我从 gate 角度说，这轮最不该被放过去的是“摘要截断导致信息残缺：所有新闻摘要均在句中戛然而止（如 'after …""], ""next_cycle_strategy"": [""dispatch 时明确给出热点性、图片数、时效三条硬约束"", ""审核优先看图片和时效，再看热点性和去重"", ""终稿前先校对四板块主推首句是否直达影响"", ""针对复盘指出的问题，优先修正：我从 gate 角度说，这轮最不该被放过去的是“摘要截断导致信息残缺：所有新闻摘要均在句中戛然而止（如 'after …""], ""retrospective_memory"": ""本轮执行中，worker-33 与 worker-xhs 审核通过存在明显缺陷的成品，暴露出审核机制失效。产品层面，摘要截断导致信息残缺、元数据裸露破坏沉浸感、分类逻辑粗糙稀释高价值内容，与竞品相比首屏冲击力不足。根本原因在于层级判断滞后，且 material.review、draft.proofread 与 product.test 三条检查线职责混淆，未能拦截低级错误。下轮将分离三条检查线并前置层级判断，强化摘要完整性与视觉规范。Tester 需厘清 gate 检查线，Editor 需提前建立层级并落实修订。\n话题收口：\n- 产品问题: 本话题确认了摘要截断导致信息残缺的核心体验问题，根源在于层级判断滞后与检查线职责混淆。决定在下一轮将 material.review、draft.proofread 与 product.test 三条检查线分离，并前置层级判断流程。下一轮由 tester 负责厘清 gate 检查线，editor 负责提前建立层级并落实修订。"", ""role_improvement_plan"": ""neko 下一轮会把别人点到的问题前置处理，并把复盘总结里的要求拆成可执行检查。 当前收敛基线：本轮执行中，worker-33 与 worker-xhs 审核通过存在明显缺陷的成品，暴露出审核机制失效。产品层面，摘要截断导致信息残缺、元数据裸露破坏沉浸感、分类逻辑粗糙稀释高价值内容，与竞品相比首屏冲击力不足。根本原因在于层级判断滞后…"", ""next_cycle_quality_checks"": [""每板块至少 10 条且主推/副推图片满足结构要求"", ""review/reject 原因必须可执行"", ""复盘总结必须包含问题、堵点、缺失能力、下一轮建议"", ""新增自检：确认“这轮先不做礼貌性收口，只抓最值得争的点。 1. 摘要截断导致信息残缺：所有新闻摘要均在句中戛然而止…”不再重复出现""]}, ""editor"": {""summary"": ""editor 负责整稿整合、层级判断和修订收束，先保证结构完整，再处理阅读顺序。"", ""agent_id"": ""editor"", ""updated_at"": ""2026-04-08T02:50:31.144033+08:00"", ""version_cycle"": 1, ""exposed_issues"": [""别人指出：这轮先不做礼貌性收口，只抓最值得争的点。 1. 摘要截断导致信息残缺：所有新闻摘要均在句中戛然而止（如 'after Kany', 'is $200 off f'），首屏阅读体验被强行打断，用户无法获取关键信息，显得非常不专业。 2. 元…"", ""我认领：我先从整稿看。像《本轮主推》这种主推，层级判断本来应该在 draft.compose 就被拉开，但这轮还是留下了“摘要截断导致信息残缺：所有新闻摘要均在句中戛然而止（如 'after Kany', 'is $200 off f'），首屏阅…""], ""quality_checks"": [""四板块结构完整"", ""主推/副推/简讯归位正确"", ""修订稿准确落实 proofread required actions"", ""新增自检：确认“我先从整稿看。像《本轮主推》这种主推，层级判断本来应该在 draft.compose 就被拉开，但…”不再重复出现""], ""strategy_label"": ""editor-cycle-1-artifact-first"", ""optimization_log"": {""combined"": [], ""compiled_rules"": [], ""human_guidance"": [], ""agent_generated"": []}, ""execution_strategy"": [""只基于已通过审核的素材整稿，不替 tester 做质量放行"", ""主推/副推/简讯层级由 editor 决定，但必须保留来源、时间、链接"", ""修订时优先处理 blocker 和结构问题，再做语言精炼"", ""针对复盘指出的问题，优先修正：这轮先不做礼貌性收口，只抓最值得争的点。 1. 摘要截断导致信息残缺：所有新闻摘要均在句中戛然而止（如 'after …""], ""next_cycle_strategy"": [""只基于已通过审核的素材整稿，不替 tester 做质量放行"", ""主推/副推/简讯层级由 editor 决定，但必须保留来源、时间、链接"", ""修订时优先处理 blocker 和结构问题，再做语言精炼"", ""针对复盘指出的问题，优先修正：这轮先不做礼貌性收口，只抓最值得争的点。 1. 摘要截断导致信息残缺：所有新闻摘要均在句中戛然而止（如 'after …""], ""retrospective_memory"": ""本轮执行中，worker-33 与 worker-xhs 审核通过存在明显缺陷的成品，暴露出审核机制失效。产品层面，摘要截断导致信息残缺、元数据裸露破坏沉浸感、分类逻辑粗糙稀释高价值内容，与竞品相比首屏冲击力不足。根本原因在于层级判断滞后，且 material.review、draft.proofread 与 product.test 三条检查线职责混淆，未能拦截低级错误。下轮将分离三条检查线并前置层级判断，强化摘要完整性与视觉规范。Tester 需厘清 gate 检查线，Editor 需提前建立层级并落实修订。\n话题收口：\n- 产品问题: 本话题确认了摘要截断导致信息残缺的核心体验问题，根源在于层级判断滞后与检查线职责混淆。决定在下一轮将 material.review、draft.proofread 与 product.test 三条检查线分离，并前置层级判断流程。下一轮由 tester 负责厘清 gate 检查线，editor 负责提前建立层级并落实修订。"", ""role_improvement_plan"": ""editor 下一轮会把别人点到的问题前置处理，并把复盘总结里的要求拆成可执行检查。 当前收敛基线：本轮执行中，worker-33 与 worker-xhs 审核通过存在明显缺陷的成品，暴露出审核机制失效。产品层面，摘要截断导致信息残缺、元数据裸露破坏沉浸感、分类逻辑粗糙稀释高价值内容，与竞品相比首屏冲击力不足。根本原因在于层级判断滞后…"", ""next_cycle_quality_checks"": [""四板块结构完整"", ""主推/副推/简讯归位正确"", ""修订稿准确落实 proofread required actions"", ""新增自检：确认“我先从整稿看。像《本轮主推》这种主推，层级判断本来应该在 draft.compose 就被拉开，但…”不再重复出现""]}, ""tester"": {""summary"": ""tester 负责 material review、draft proofread、product test、benchmark 与跨轮对比，先把问题结构化再放行。"", ""agent_id"": ""tester"", ""updated_at"": ""2026-04-08T02:50:31.232118+08:00"", ""version_cycle"": 1, ""exposed_issues"": [""别人指出：这轮先不做礼貌性收口，只抓最值得争的点。 1. 摘要截断导致信息残缺：所有新闻摘要均在句中戛然而止（如 'after Kany', 'is $200 off f'），首屏阅读体验被强行打断，用户无法获取关键信息，显得非常不专业。 2. 元…"", ""我认领：我从 gate 角度说，这轮最不该被放过去的是“摘要截断导致信息残缺：所有新闻摘要均在句中戛然而止（如 'after Kany', 'is $200 off f'），首屏阅读体验被强行打断，用户无法获取关键…”。如果 material.r…""], ""quality_checks"": [""blocker 未清零不得 publish"", ""product.test / benchmark / cross_cycle_compare 必须引用工件证据"", ""新增自检：确认“我从 gate 角度说，这轮最不该被放过去的是“摘要截断导致信息残缺：所有新闻摘要均在句中戛然而止…”不再重复出现""], ""strategy_label"": ""tester-cycle-1-gatekeeper"", ""optimization_log"": {""combined"": [], ""compiled_rules"": [], ""human_guidance"": [], ""agent_generated"": []}, ""execution_strategy"": [""对素材先查真实性、时效、图文一致性和可用性"", ""对 draft 只做 correctness proofread，不做产品体验评价"", ""对 final artifact 统一从读者/产品体验视角出报告"", ""针对复盘指出的问题，优先修正：这轮先不做礼貌性收口，只抓最值得争的点。 1. 摘要截断导致信息残缺：所有新闻摘要均在句中戛然而止（如 'after …""], ""next_cycle_strategy"": [""对素材先查真实性、时效、图文一致性和可用性"", ""对 draft 只做 correctness proofread，不做产品体验评价"", ""对 final artifact 统一从读者/产品体验视角出报告"", ""针对复盘指出的问题，优先修正：这轮先不做礼貌性收口，只抓最值得争的点。 1. 摘要截断导致信息残缺：所有新闻摘要均在句中戛然而止（如 'after …""], ""retrospective_memory"": ""本轮执行中，worker-33 与 worker-xhs 审核通过存在明显缺陷的成品，暴露出审核机制失效。产品层面，摘要截断导致信息残缺、元数据裸露破坏沉浸感、分类逻辑粗糙稀释高价值内容，与竞品相比首屏冲击力不足。根本原因在于层级判断滞后，且 material.review、draft.proofread 与 product.test 三条检查线职责混淆，未能拦截低级错误。下轮将分离三条检查线并前置层级判断，强化摘要完整性与视觉规范。Tester 需厘清 gate 检查线，Editor 需提前建立层级并落实修订。\n话题收口：\n- 产品问题: 本话题确认了摘要截断导致信息残缺的核心体验问题，根源在于层级判断滞后与检查线职责混淆。决定在下一轮将 material.review、draft.proofread 与 product.test 三条检查线分离，并前置层级判断流程。下一轮由 tester 负责厘清 gate 检查线，editor 负责提前建立层级并落实修订。"", ""role_improvement_plan"": ""tester 下一轮会把别人点到的问题前置处理，并把复盘总结里的要求拆成可执行检查。 当前收敛基线：本轮执行中，worker-33 与 worker-xhs 审核通过存在明显缺陷的成品，暴露出审核机制失效。产品层面，摘要截断导致信息残缺、元数据裸露破坏沉浸感、分类逻辑粗糙稀释高价值内容，与竞品相比首屏冲击力不足。根本原因在于层级判断滞后…"", ""next_cycle_quality_checks"": [""blocker 未清零不得 publish"", ""product.test / benchmark / cross_cycle_compare 必须引用工件证据"", ""新增自检：确认“我从 gate 角度说，这轮最不该被放过去的是“摘要截断导致信息残缺：所有新闻摘要均在句中戛然而止…”不再重复出现""]}}",2026-04-07 18:33:58.856354+00,2026-04-07 18:50:33.2142+00
newsloop-agenticv2-0801,2,a5768aefa005,completed,2026-04-07 18:50:43.932239+00,2026-04-07 19:00:29.368137+00,2026-04-07 18:57:53.24142+00,2026-04-07 19:00:26.702959+00,,"【产品问题】本轮成品呈现严重的模板依赖与分类粗糙问题。摘要均以“最值得关注的是”等套话开头，未提炼如“Kanye被拒签原因”等关键增量信息；分类将NASA登月火箭归入“其他”，缺乏辨识度；首屏每条新闻均配3图，导致视觉重心分散、层级不明。

【执行问题】整稿层级构建滞后，gate 检查线与内容构建流程混淆，导致低质量摘要未被拦截。

【原因分析】根源在于层级构建流程缺陷及质检边界不清，导致摘要 Prompt 执行偏差，分类与排版策略未体现差异化。

【下轮改法】1. 重构摘要 Prompt，禁止套话，强制“主体+核心事件+关键结果”结构；2. 优化分类体系，增设“科学/航天”类目；3. 实施差异化排版，头条多图、其余降级；4. 改进整稿层级构建流程并分离 gate 检查线。

【Agent责任】Editor：落实摘要、分类及排版的修订，优化层级构建流程。Tester：厘清 gate 检查边界，确保质检独立性。Neko：严格执行 impact-first 规则与发布门禁。
话题收口：
- 产品问题: 本轮确认摘要生成存在严重模板依赖且缺乏增量信息，根源在于层级构建滞后与 gate 检查线混淆。决定改进整稿层级构建流程并分离 gate 检查线，下一轮由 Editor 负责落实修订，Tester 负责厘清检查边界。","{""33"": {""summary"": ""政治经济/科技板块先白名单采集，再做影响句补写和同源去重。"", ""agent_id"": ""33"", ""updated_at"": ""2026-04-08T03:00:28.021452+08:00"", ""version_cycle"": 2, ""exposed_issues"": [""本轮暴露出规则前置不足，容易把质量问题拖到后置 review。""], ""quality_checks"": [""去掉同一事件的重复来源"", ""主推候选必须带至少 3 张可用图片的来源""], ""strategy_label"": ""collector-33-cycle-2-whitelist"", ""optimization_log"": {""combined"": [{""body"": ""政治经济/科技板块先白名单采集，再做影响句补写和同源去重。"", ""author"": ""33"", ""source"": ""retrospective"", ""details"": {""prefer_images"": true, ""exposed_issues"": [""本轮暴露出规则前置不足，容易把质量问题拖到后置 review。""], ""source_blacklist"": [""低质量聚合站""], ""source_whitelist"": [""Reuters"", ""Associated Press"", ""Bloomberg"", ""Financial Times"", ""The Verge"", ""TechCrunch"", ""官方公告""], ""next_cycle_strategy"": [""优先 Reuters、AP、BBC、FT、Bloomberg、官方公告"", ""科技条目优先公司官方博客/公告和主流科技媒体"", ""每条补一条“为什么值得关注”的中文影响句""], ""role_improvement_plan"": ""33 下一轮会把别人点到的问题前置处理，并把复盘总结里的要求拆成可执行检查。 当前收敛基线：本轮执行中，worker-33 与 worker-xhs 审核通过存在明显缺陷的成品，暴露出审核机制失效。产品层面，摘要截断导致信息残缺、元数据裸露破坏沉浸感、分类逻辑粗糙稀释高价值内容，与竞品相比首屏冲击力不足。根本原因在于层级判断滞后…"", ""next_cycle_quality_checks"": [""去掉同一事件的重复来源"", ""主推候选必须带至少 3 张可用图片的来源""]}, ""category"": ""agent_memory"", ""created_at"": ""2026-04-07T18:50:31.349389+00:00"", ""source_type"": ""agent_generated"", ""expires_after_cycle"": null, ""effective_from_cycle"": 2}], ""compiled_rules"": [{""rationale"": ""根据本轮复盘与产品评估，下一轮优先使用更稳定的来源白名单。"", ""rule_type"": ""source_whitelist"", ""rule_payload"": {""sources"": [""Reuters"", ""Associated Press"", ""Bloomberg"", ""Financial Times"", ""The Verge"", ""TechCrunch"", ""官方公告""]}, ""target_agent"": ""33"", ""target_section"": null, ""effective_from_cycle"": 2}, {""rationale"": ""根据本轮复盘与产品评估，下一轮过滤低质量来源。"", ""rule_type"": ""source_blacklist"", ""rule_payload"": {""sources"": [""低质量聚合站""]}, ""target_agent"": ""33"", ""target_section"": null, ""effective_from_cycle"": 2}, {""rationale"": ""采集阶段优先保留带图候选，降低后续主推图片不足风险。"", ""rule_type"": ""image_availability_threshold"", ""rule_payload"": {""min_images"": 1}, ""target_agent"": ""33"", ""target_section"": null, ""effective_from_cycle"": 2}, {""rationale"": ""短讯继续压缩，优先保留结果、时间与影响范围。"", ""rule_type"": ""short_brief_compression_rule"", ""rule_payload"": {""max_chars"": 44}, ""target_agent"": ""33"", ""target_section"": null, ""effective_from_cycle"": 2}], ""human_guidance"": [], ""agent_generated"": [{""body"": ""政治经济/科技板块先白名单采集，再做影响句补写和同源去重。"", ""author"": ""33"", ""source"": ""retrospective"", ""details"": {""prefer_images"": true, ""exposed_issues"": [""本轮暴露出规则前置不足，容易把质量问题拖到后置 review。""], ""source_blacklist"": [""低质量聚合站""], ""source_whitelist"": [""Reuters"", ""Associated Press"", ""Bloomberg"", ""Financial Times"", ""The Verge"", ""TechCrunch"", ""官方公告""], ""next_cycle_strategy"": [""优先 Reuters、AP、BBC、FT、Bloomberg、官方公告"", ""科技条目优先公司官方博客/公告和主流科技媒体"", ""每条补一条“为什么值得关注”的中文影响句""], ""role_improvement_plan"": ""33 下一轮会把别人点到的问题前置处理，并把复盘总结里的要求拆成可执行检查。 当前收敛基线：本轮执行中，worker-33 与 worker-xhs 审核通过存在明显缺陷的成品，暴露出审核机制失效。产品层面，摘要截断导致信息残缺、元数据裸露破坏沉浸感、分类逻辑粗糙稀释高价值内容，与竞品相比首屏冲击力不足。根本原因在于层级判断滞后…"", ""next_cycle_quality_checks"": [""去掉同一事件的重复来源"", ""主推候选必须带至少 3 张可用图片的来源""]}, ""category"": ""agent_memory"", ""created_at"": ""2026-04-07T18:50:31.349389+00:00"", ""source_type"": ""agent_generated"", ""expires_after_cycle"": null, ""effective_from_cycle"": 2}]}, ""source_blacklist"": [""低质量聚合站"", ""低质量聚合站""], ""source_whitelist"": [""Reuters"", ""Associated Press"", ""Bloomberg"", ""Financial Times"", ""The Verge"", ""TechCrunch"", ""官方公告""], ""execution_strategy"": [""优先 Reuters、AP、BBC、FT、Bloomberg、官方公告"", ""科技条目优先公司官方博客/公告和主流科技媒体"", ""每条补一条“为什么值得关注”的中文影响句""], ""next_cycle_strategy"": [""优先 Reuters、AP、BBC、FT、Bloomberg、官方公告"", ""科技条目优先公司官方博客/公告和主流科技媒体"", ""每条补一条“为什么值得关注”的中文影响句""], ""retrospective_memory"": ""【产品问题】本轮成品呈现严重的模板依赖与分类粗糙问题。摘要均以“最值得关注的是”等套话开头，未提炼如“Kanye被拒签原因”等关键增量信息；分类将NASA登月火箭归入“其他”，缺乏辨识度；首屏每条新闻均配3图，导致视觉重心分散、层级不明。\n\n【执行问题】整稿层级构建滞后，gate 检查线与内容构建流程混淆，导致低质量摘要未被拦截。\n\n【原因分析】根源在于层级构建流程缺陷及质检边界不清，导致摘要 Prompt 执行偏差，分类与排版策略未体现差异化。\n\n【下轮改法】1. 重构摘要 Prompt，禁止套话，强制“主体+核心事件+关键结果”结构；2. 优化分类体系，增设“科学/航天”类目；3. 实施差异化排版，头条多图、其余降级；4. 改进整稿层级构建流程并分离 gate 检查线。\n\n【Agent责任】Editor：落实摘要、分类及排版的修订，优化层级构建流程。Tester：厘清 gate 检查边界，确保质检独立性。Neko：严格执行 impact-first 规则与发布门禁。\n话题收口：\n- 产品问题: 本轮确认摘要生成存在严重模板依赖且缺乏增量信息，根源在于层级构建滞后与 gate 检查线混淆。决定改进整稿层级构建流程并分离 gate 检查线，下一轮由 Editor 负责落实修订，Tester 负责厘清检查边界。"", ""role_improvement_plan"": ""33 下一轮会把别人点到的问题前置处理，并把复盘总结里的要求拆成可执行检查。 当前收敛基线：【产品问题】本轮成品呈现严重的模板依赖与分类粗糙问题。摘要均以“最值得关注的是”等套话开头，未提炼如“Kanye被拒签原因”等关键增量信息；分类将NASA登月火箭归入“其他”，缺乏辨识度；首屏每条新闻均配3图，导致视觉重心分散、层级不明。…"", ""next_cycle_quality_checks"": [""去掉同一事件的重复来源"", ""主推候选必须带至少 3 张可用图片的来源""]}, ""xhs"": {""summary"": ""体育娱乐/其他板块优先官方渠道，短讯更紧凑，图片稳定性优先。"", ""agent_id"": ""xhs"", ""updated_at"": ""2026-04-08T03:00:28.147209+08:00"", ""version_cycle"": 2, ""exposed_issues"": [""本轮暴露出规则前置不足，容易把质量问题拖到后置 review。""], ""quality_checks"": [""减少边缘八卦内容，优先全球影响更大的事件"", ""图片链接必须直接可访问""], ""strategy_label"": ""collector-xhs-cycle-2-tight-briefs"", ""optimization_log"": {""combined"": [{""body"": ""体育娱乐/其他板块优先官方渠道，短讯更紧凑，图片稳定性优先。"", ""author"": ""xhs"", ""source"": ""retrospective"", ""details"": {""prefer_images"": true, ""exposed_issues"": [""本轮暴露出规则前置不足，容易把质量问题拖到后置 review。""], ""source_blacklist"": [""无来源转载站""], ""source_whitelist"": [""ESPN"", ""BBC Sport"", ""官方赛事渠道"", ""Variety"", ""Reuters"", ""AP""], ""next_cycle_strategy"": [""优先赛事官方、主流文娱媒体和国际主流媒体"", ""短讯先保留结果、时间、影响范围，再补背景"", ""图片优先首发稿源或官方图床""], ""role_improvement_plan"": ""xhs 下一轮会把别人点到的问题前置处理，并把复盘总结里的要求拆成可执行检查。 当前收敛基线：本轮执行中，worker-33 与 worker-xhs 审核通过存在明显缺陷的成品，暴露出审核机制失效。产品层面，摘要截断导致信息残缺、元数据裸露破坏沉浸感、分类逻辑粗糙稀释高价值内容，与竞品相比首屏冲击力不足。根本原因在于层级判断滞后…"", ""next_cycle_quality_checks"": [""减少边缘八卦内容，优先全球影响更大的事件"", ""图片链接必须直接可访问""]}, ""category"": ""agent_memory"", ""created_at"": ""2026-04-07T18:50:31.468689+00:00"", ""source_type"": ""agent_generated"", ""expires_after_cycle"": null, ""effective_from_cycle"": 2}], ""compiled_rules"": [{""rationale"": ""根据本轮复盘与产品评估，下一轮优先使用更稳定的来源白名单。"", ""rule_type"": ""source_whitelist"", ""rule_payload"": {""sources"": [""ESPN"", ""BBC Sport"", ""官方赛事渠道"", ""Variety"", ""Reuters"", ""AP""]}, ""target_agent"": ""xhs"", ""target_section"": null, ""effective_from_cycle"": 2}, {""rationale"": ""根据本轮复盘与产品评估，下一轮过滤低质量来源。"", ""rule_type"": ""source_blacklist"", ""rule_payload"": {""sources"": [""无来源转载站""]}, ""target_agent"": ""xhs"", ""target_section"": null, ""effective_from_cycle"": 2}, {""rationale"": ""采集阶段优先保留带图候选，降低后续主推图片不足风险。"", ""rule_type"": ""image_availability_threshold"", ""rule_payload"": {""min_images"": 1}, ""target_agent"": ""xhs"", ""target_section"": null, ""effective_from_cycle"": 2}, {""rationale"": ""短讯继续压缩，优先保留结果、时间与影响范围。"", ""rule_type"": ""short_brief_compression_rule"", ""rule_payload"": {""max_chars"": 44}, ""target_agent"": ""xhs"", ""target_section"": null, ""effective_from_cycle"": 2}], ""human_guidance"": [], ""agent_generated"": [{""body"": ""体育娱乐/其他板块优先官方渠道，短讯更紧凑，图片稳定性优先。"", ""author"": ""xhs"", ""source"": ""retrospective"", ""details"": {""prefer_images"": true, ""exposed_issues"": [""本轮暴露出规则前置不足，容易把质量问题拖到后置 review。""], ""source_blacklist"": [""无来源转载站""], ""source_whitelist"": [""ESPN"", ""BBC Sport"", ""官方赛事渠道"", ""Variety"", ""Reuters"", ""AP""], ""next_cycle_strategy"": [""优先赛事官方、主流文娱媒体和国际主流媒体"", ""短讯先保留结果、时间、影响范围，再补背景"", ""图片优先首发稿源或官方图床""], ""role_improvement_plan"": ""xhs 下一轮会把别人点到的问题前置处理，并把复盘总结里的要求拆成可执行检查。 当前收敛基线：本轮执行中，worker-33 与 worker-xhs 审核通过存在明显缺陷的成品，暴露出审核机制失效。产品层面，摘要截断导致信息残缺、元数据裸露破坏沉浸感、分类逻辑粗糙稀释高价值内容，与竞品相比首屏冲击力不足。根本原因在于层级判断滞后…"", ""next_cycle_quality_checks"": [""减少边缘八卦内容，优先全球影响更大的事件"", ""图片链接必须直接可访问""]}, ""category"": ""agent_memory"", ""created_at"": ""2026-04-07T18:50:31.468689+00:00"", ""source_type"": ""agent_generated"", ""expires_after_cycle"": null, ""effective_from_cycle"": 2}]}, ""source_blacklist"": [""无来源转载站"", ""无来源转载站""], ""source_whitelist"": [""ESPN"", ""BBC Sport"", ""官方赛事渠道"", ""Variety"", ""Reuters"", ""AP""], ""execution_strategy"": [""优先赛事官方、主流文娱媒体和国际主流媒体"", ""短讯先保留结果、时间、影响范围，再补背景"", ""图片优先首发稿源或官方图床""], ""next_cycle_strategy"": [""优先赛事官方、主流文娱媒体和国际主流媒体"", ""短讯先保留结果、时间、影响范围，再补背景"", ""图片优先首发稿源或官方图床""], ""retrospective_memory"": ""【产品问题】本轮成品呈现严重的模板依赖与分类粗糙问题。摘要均以“最值得关注的是”等套话开头，未提炼如“Kanye被拒签原因”等关键增量信息；分类将NASA登月火箭归入“其他”，缺乏辨识度；首屏每条新闻均配3图，导致视觉重心分散、层级不明。\n\n【执行问题】整稿层级构建滞后，gate 检查线与内容构建流程混淆，导致低质量摘要未被拦截。\n\n【原因分析】根源在于层级构建流程缺陷及质检边界不清，导致摘要 Prompt 执行偏差，分类与排版策略未体现差异化。\n\n【下轮改法】1. 重构摘要 Prompt，禁止套话，强制“主体+核心事件+关键结果”结构；2. 优化分类体系，增设“科学/航天”类目；3. 实施差异化排版，头条多图、其余降级；4. 改进整稿层级构建流程并分离 gate 检查线。\n\n【Agent责任】Editor：落实摘要、分类及排版的修订，优化层级构建流程。Tester：厘清 gate 检查边界，确保质检独立性。Neko：严格执行 impact-first 规则与发布门禁。\n话题收口：\n- 产品问题: 本轮确认摘要生成存在严重模板依赖且缺乏增量信息，根源在于层级构建滞后与 gate 检查线混淆。决定改进整稿层级构建流程并分离 gate 检查线，下一轮由 Editor 负责落实修订，Tester 负责厘清检查边界。"", ""role_improvement_plan"": ""xhs 下一轮会把别人点到的问题前置处理，并把复盘总结里的要求拆成可执行检查。 当前收敛基线：【产品问题】本轮成品呈现严重的模板依赖与分类粗糙问题。摘要均以“最值得关注的是”等套话开头，未提炼如“Kanye被拒签原因”等关键增量信息；分类将NASA登月火箭归入“其他”，缺乏辨识度；首屏每条新闻均配3图，导致视觉重心分散、层级不明。…"", ""next_cycle_quality_checks"": [""减少边缘八卦内容，优先全球影响更大的事件"", ""图片链接必须直接可访问""]}, ""neko"": {""summary"": ""审核前置、主推影响优先、复盘收敛更结构化。"", ""agent_id"": ""neko"", ""updated_at"": ""2026-04-08T03:00:27.754716+08:00"", ""version_cycle"": 2, ""exposed_issues"": [""别人指出：我先从整稿看。像《本轮主推》这种主推，层级判断本来应该在 draft.compose 就被拉开，但这轮还是留下了“摘要生成存在严重的模板依赖：四条新闻摘要均以“最值得关注的是...”开头，且内容仅是对标题的同义反复，未提炼出如“Kanye…"", ""我认领：这轮先不做礼貌性收口，只抓最值得争的点。 1. 摘要生成存在严重的模板依赖：四条新闻摘要均以“最值得关注的是...”开头，且内容仅是对标题的同义反复，未提炼出如“Kanye被拒签原因”或“Firmus估值涨幅”等关键增量信息，阅读体验像在…""], ""quality_checks"": [""每板块至少 10 条且主推/副推图片满足结构要求"", ""review/reject 原因必须可执行"", ""复盘总结必须包含问题、堵点、缺失能力、下一轮建议"", ""新增自检：确认“这轮先不做礼貌性收口，只抓最值得争的点。 1. 摘要生成存在严重的模板依赖：四条新闻摘要均以“最值…”不再重复出现""], ""strategy_label"": ""neko-cycle-2-review-first"", ""optimization_log"": {""combined"": [{""body"": ""审核前置、主推影响优先、复盘收敛更结构化。"", ""author"": ""neko"", ""source"": ""retrospective"", ""details"": {""prefer_images"": true, ""exposed_issues"": [""别人指出：我从 gate 角度说，这轮最不该被放过去的是“摘要截断导致信息残缺：所有新闻摘要均在句中戛然而止（如 'after Kany', 'is $200 off f'），首屏阅读体验被强行打断，用户无法获取关键…”。如果 material.r…"", ""我认领：这轮先不做礼貌性收口，只抓最值得争的点。 1. 摘要截断导致信息残缺：所有新闻摘要均在句中戛然而止（如 'after Kany', 'is $200 off f'），首屏阅读体验被强行打断，用户无法获取关键信息，显得非常不专业。 2. 元…""], ""source_blacklist"": [], ""source_whitelist"": [], ""next_cycle_strategy"": [""dispatch 时明确给出热点性、图片数、时效三条硬约束"", ""审核优先看图片和时效，再看热点性和去重"", ""终稿前先校对四板块主推首句是否直达影响"", ""针对复盘指出的问题，优先修正：我从 gate 角度说，这轮最不该被放过去的是“摘要截断导致信息残缺：所有新闻摘要均在句中戛然而止（如 'after …""], ""role_improvement_plan"": ""neko 下一轮会把别人点到的问题前置处理，并把复盘总结里的要求拆成可执行检查。 当前收敛基线：本轮执行中，worker-33 与 worker-xhs 审核通过存在明显缺陷的成品，暴露出审核机制失效。产品层面，摘要截断导致信息残缺、元数据裸露破坏沉浸感、分类逻辑粗糙稀释高价值内容，与竞品相比首屏冲击力不足。根本原因在于层级判断滞后…"", ""next_cycle_quality_checks"": [""每板块至少 10 条且主推/副推图片满足结构要求"", ""review/reject 原因必须可执行"", ""复盘总结必须包含问题、堵点、缺失能力、下一轮建议"", ""新增自检：确认“这轮先不做礼貌性收口，只抓最值得争的点。 1. 摘要截断导致信息残缺：所有新闻摘要均在句中戛然而止…”不再重复出现""]}, ""category"": ""agent_memory"", ""created_at"": ""2026-04-07T18:50:31.064979+00:00"", ""source_type"": ""agent_generated"", ""expires_after_cycle"": null, ""effective_from_cycle"": 2}], ""compiled_rules"": [{""rationale"": ""主推首句必须先说影响或结果，再补事实来源。"", ""rule_type"": ""lead_sentence_rule"", ""rule_payload"": {""style"": ""impact_first""}, ""target_agent"": ""neko"", ""target_section"": null, ""effective_from_cycle"": 2}, {""rationale"": ""proofread blocker 未清零时禁止 publish。"", ""rule_type"": ""publish_gate"", ""rule_payload"": {""require_zero_proofread_blockers"": true}, ""target_agent"": ""neko"", ""target_section"": null, ""effective_from_cycle"": 2}], ""human_guidance"": [], ""agent_generated"": [{""body"": ""审核前置、主推影响优先、复盘收敛更结构化。"", ""author"": ""neko"", ""source"": ""retrospective"", ""details"": {""prefer_images"": true, ""exposed_issues"": [""别人指出：我从 gate 角度说，这轮最不该被放过去的是“摘要截断导致信息残缺：所有新闻摘要均在句中戛然而止（如 'after Kany', 'is $200 off f'），首屏阅读体验被强行打断，用户无法获取关键…”。如果 material.r…"", ""我认领：这轮先不做礼貌性收口，只抓最值得争的点。 1. 摘要截断导致信息残缺：所有新闻摘要均在句中戛然而止（如 'after Kany', 'is $200 off f'），首屏阅读体验被强行打断，用户无法获取关键信息，显得非常不专业。 2. 元…""], ""source_blacklist"": [], ""source_whitelist"": [], ""next_cycle_strategy"": [""dispatch 时明确给出热点性、图片数、时效三条硬约束"", ""审核优先看图片和时效，再看热点性和去重"", ""终稿前先校对四板块主推首句是否直达影响"", ""针对复盘指出的问题，优先修正：我从 gate 角度说，这轮最不该被放过去的是“摘要截断导致信息残缺：所有新闻摘要均在句中戛然而止（如 'after …""], ""role_improvement_plan"": ""neko 下一轮会把别人点到的问题前置处理，并把复盘总结里的要求拆成可执行检查。 当前收敛基线：本轮执行中，worker-33 与 worker-xhs 审核通过存在明显缺陷的成品，暴露出审核机制失效。产品层面，摘要截断导致信息残缺、元数据裸露破坏沉浸感、分类逻辑粗糙稀释高价值内容，与竞品相比首屏冲击力不足。根本原因在于层级判断滞后…"", ""next_cycle_quality_checks"": [""每板块至少 10 条且主推/副推图片满足结构要求"", ""review/reject 原因必须可执行"", ""复盘总结必须包含问题、堵点、缺失能力、下一轮建议"", ""新增自检：确认“这轮先不做礼貌性收口，只抓最值得争的点。 1. 摘要截断导致信息残缺：所有新闻摘要均在句中戛然而止…”不再重复出现""]}, ""category"": ""agent_memory"", ""created_at"": ""2026-04-07T18:50:31.064979+00:00"", ""source_type"": ""agent_generated"", ""expires_after_cycle"": null, ""effective_from_cycle"": 2}]}, ""review_standards"": [""拒绝图片不稳定、来源不可靠、发布时间超窗的候选"", ""主推必须具备影响描述和三图资源""], ""execution_strategy"": [""dispatch 时明确给出热点性、图片数、时效三条硬约束"", ""审核优先看图片和时效，再看热点性和去重"", ""终稿前先校对四板块主推首句是否直达影响"", ""针对复盘指出的问题，优先修正：我先从整稿看。像《本轮主推》这种主推，层级判断本来应该在 draft.compose 就被拉开，但这轮还是留下了“摘要…""], ""next_cycle_strategy"": [""dispatch 时明确给出热点性、图片数、时效三条硬约束"", ""审核优先看图片和时效，再看热点性和去重"", ""终稿前先校对四板块主推首句是否直达影响"", ""针对复盘指出的问题，优先修正：我先从整稿看。像《本轮主推》这种主推，层级判断本来应该在 draft.compose 就被拉开，但这轮还是留下了“摘要…""], ""retrospective_memory"": ""【产品问题】本轮成品呈现严重的模板依赖与分类粗糙问题。摘要均以“最值得关注的是”等套话开头，未提炼如“Kanye被拒签原因”等关键增量信息；分类将NASA登月火箭归入“其他”，缺乏辨识度；首屏每条新闻均配3图，导致视觉重心分散、层级不明。\n\n【执行问题】整稿层级构建滞后，gate 检查线与内容构建流程混淆，导致低质量摘要未被拦截。\n\n【原因分析】根源在于层级构建流程缺陷及质检边界不清，导致摘要 Prompt 执行偏差，分类与排版策略未体现差异化。\n\n【下轮改法】1. 重构摘要 Prompt，禁止套话，强制“主体+核心事件+关键结果”结构；2. 优化分类体系，增设“科学/航天”类目；3. 实施差异化排版，头条多图、其余降级；4. 改进整稿层级构建流程并分离 gate 检查线。\n\n【Agent责任】Editor：落实摘要、分类及排版的修订，优化层级构建流程。Tester：厘清 gate 检查边界，确保质检独立性。Neko：严格执行 impact-first 规则与发布门禁。\n话题收口：\n- 产品问题: 本轮确认摘要生成存在严重模板依赖且缺乏增量信息，根源在于层级构建滞后与 gate 检查线混淆。决定改进整稿层级构建流程并分离 gate 检查线，下一轮由 Editor 负责落实修订，Tester 负责厘清检查边界。"", ""role_improvement_plan"": ""neko 下一轮会把别人点到的问题前置处理，并把复盘总结里的要求拆成可执行检查。 当前收敛基线：【产品问题】本轮成品呈现严重的模板依赖与分类粗糙问题。摘要均以“最值得关注的是”等套话开头，未提炼如“Kanye被拒签原因”等关键增量信息；分类将NASA登月火箭归入“其他”，缺乏辨识度；首屏每条新闻均配3图，导致视觉重心分散、层级不明。…"", ""next_cycle_quality_checks"": [""每板块至少 10 条且主推/副推图片满足结构要求"", ""review/reject 原因必须可执行"", ""复盘总结必须包含问题、堵点、缺失能力、下一轮建议"", ""新增自检：确认“这轮先不做礼貌性收口，只抓最值得争的点。 1. 摘要生成存在严重的模板依赖：四条新闻摘要均以“最值…”不再重复出现""]}, ""editor"": {""summary"": ""editor 负责整稿整合、层级判断和修订收束，先保证结构完整，再处理阅读顺序。"", ""agent_id"": ""editor"", ""updated_at"": ""2026-04-08T03:00:27.854988+08:00"", ""version_cycle"": 2, ""exposed_issues"": [""别人指出：这轮先不做礼貌性收口，只抓最值得争的点。 1. 摘要生成存在严重的模板依赖：四条新闻摘要均以“最值得关注的是...”开头，且内容仅是对标题的同义反复，未提炼出如“Kanye被拒签原因”或“Firmus估值涨幅”等关键增量信息，阅读体验像在…"", ""我认领：我先从整稿看。像《本轮主推》这种主推，层级判断本来应该在 draft.compose 就被拉开，但这轮还是留下了“摘要生成存在严重的模板依赖：四条新闻摘要均以“最值得关注的是...”开头，且内容仅是对标题的同义反复，未提炼出如“Kanye…""], ""quality_checks"": [""四板块结构完整"", ""主推/副推/简讯归位正确"", ""修订稿准确落实 proofread required actions"", ""新增自检：确认“我先从整稿看。像《本轮主推》这种主推，层级判断本来应该在 draft.compose 就被拉开，但…”不再重复出现""], ""strategy_label"": ""editor-cycle-2-artifact-first"", ""optimization_log"": {""combined"": [{""body"": ""editor 负责整稿整合、层级判断和修订收束，先保证结构完整，再处理阅读顺序。"", ""author"": ""editor"", ""source"": ""retrospective"", ""details"": {""prefer_images"": true, ""exposed_issues"": [""别人指出：这轮先不做礼貌性收口，只抓最值得争的点。 1. 摘要截断导致信息残缺：所有新闻摘要均在句中戛然而止（如 'after Kany', 'is $200 off f'），首屏阅读体验被强行打断，用户无法获取关键信息，显得非常不专业。 2. 元…"", ""我认领：我先从整稿看。像《本轮主推》这种主推，层级判断本来应该在 draft.compose 就被拉开，但这轮还是留下了“摘要截断导致信息残缺：所有新闻摘要均在句中戛然而止（如 'after Kany', 'is $200 off f'），首屏阅…""], ""source_blacklist"": [], ""source_whitelist"": [], ""next_cycle_strategy"": [""只基于已通过审核的素材整稿，不替 tester 做质量放行"", ""主推/副推/简讯层级由 editor 决定，但必须保留来源、时间、链接"", ""修订时优先处理 blocker 和结构问题，再做语言精炼"", ""针对复盘指出的问题，优先修正：这轮先不做礼貌性收口，只抓最值得争的点。 1. 摘要截断导致信息残缺：所有新闻摘要均在句中戛然而止（如 'after …""], ""role_improvement_plan"": ""editor 下一轮会把别人点到的问题前置处理，并把复盘总结里的要求拆成可执行检查。 当前收敛基线：本轮执行中，worker-33 与 worker-xhs 审核通过存在明显缺陷的成品，暴露出审核机制失效。产品层面，摘要截断导致信息残缺、元数据裸露破坏沉浸感、分类逻辑粗糙稀释高价值内容，与竞品相比首屏冲击力不足。根本原因在于层级判断滞后…"", ""next_cycle_quality_checks"": [""四板块结构完整"", ""主推/副推/简讯归位正确"", ""修订稿准确落实 proofread required actions"", ""新增自检：确认“我先从整稿看。像《本轮主推》这种主推，层级判断本来应该在 draft.compose 就被拉开，但…”不再重复出现""]}, ""category"": ""agent_memory"", ""created_at"": ""2026-04-07T18:50:31.184105+00:00"", ""source_type"": ""agent_generated"", ""expires_after_cycle"": null, ""effective_from_cycle"": 2}], ""compiled_rules"": [], ""human_guidance"": [], ""agent_generated"": [{""body"": ""editor 负责整稿整合、层级判断和修订收束，先保证结构完整，再处理阅读顺序。"", ""author"": ""editor"", ""source"": ""retrospective"", ""details"": {""prefer_images"": true, ""exposed_issues"": [""别人指出：这轮先不做礼貌性收口，只抓最值得争的点。 1. 摘要截断导致信息残缺：所有新闻摘要均在句中戛然而止（如 'after Kany', 'is $200 off f'），首屏阅读体验被强行打断，用户无法获取关键信息，显得非常不专业。 2. 元…"", ""我认领：我先从整稿看。像《本轮主推》这种主推，层级判断本来应该在 draft.compose 就被拉开，但这轮还是留下了“摘要截断导致信息残缺：所有新闻摘要均在句中戛然而止（如 'after Kany', 'is $200 off f'），首屏阅…""], ""source_blacklist"": [], ""source_whitelist"": [], ""next_cycle_strategy"": [""只基于已通过审核的素材整稿，不替 tester 做质量放行"", ""主推/副推/简讯层级由 editor 决定，但必须保留来源、时间、链接"", ""修订时优先处理 blocker 和结构问题，再做语言精炼"", ""针对复盘指出的问题，优先修正：这轮先不做礼貌性收口，只抓最值得争的点。 1. 摘要截断导致信息残缺：所有新闻摘要均在句中戛然而止（如 'after …""], ""role_improvement_plan"": ""editor 下一轮会把别人点到的问题前置处理，并把复盘总结里的要求拆成可执行检查。 当前收敛基线：本轮执行中，worker-33 与 worker-xhs 审核通过存在明显缺陷的成品，暴露出审核机制失效。产品层面，摘要截断导致信息残缺、元数据裸露破坏沉浸感、分类逻辑粗糙稀释高价值内容，与竞品相比首屏冲击力不足。根本原因在于层级判断滞后…"", ""next_cycle_quality_checks"": [""四板块结构完整"", ""主推/副推/简讯归位正确"", ""修订稿准确落实 proofread required actions"", ""新增自检：确认“我先从整稿看。像《本轮主推》这种主推，层级判断本来应该在 draft.compose 就被拉开，但…”不再重复出现""]}, ""category"": ""agent_memory"", ""created_at"": ""2026-04-07T18:50:31.184105+00:00"", ""source_type"": ""agent_generated"", ""expires_after_cycle"": null, ""effective_from_cycle"": 2}]}, ""execution_strategy"": [""只基于已通过审核的素材整稿，不替 tester 做质量放行"", ""主推/副推/简讯层级由 editor 决定，但必须保留来源、时间、链接"", ""修订时优先处理 blocker 和结构问题，再做语言精炼"", ""针对复盘指出的问题，优先修正：这轮先不做礼貌性收口，只抓最值得争的点。 1. 摘要生成存在严重的模板依赖：四条新闻摘要均以“最值得关注的是...”开…""], ""next_cycle_strategy"": [""只基于已通过审核的素材整稿，不替 tester 做质量放行"", ""主推/副推/简讯层级由 editor 决定，但必须保留来源、时间、链接"", ""修订时优先处理 blocker 和结构问题，再做语言精炼"", ""针对复盘指出的问题，优先修正：这轮先不做礼貌性收口，只抓最值得争的点。 1. 摘要生成存在严重的模板依赖：四条新闻摘要均以“最值得关注的是...”开…""], ""retrospective_memory"": ""【产品问题】本轮成品呈现严重的模板依赖与分类粗糙问题。摘要均以“最值得关注的是”等套话开头，未提炼如“Kanye被拒签原因”等关键增量信息；分类将NASA登月火箭归入“其他”，缺乏辨识度；首屏每条新闻均配3图，导致视觉重心分散、层级不明。\n\n【执行问题】整稿层级构建滞后，gate 检查线与内容构建流程混淆，导致低质量摘要未被拦截。\n\n【原因分析】根源在于层级构建流程缺陷及质检边界不清，导致摘要 Prompt 执行偏差，分类与排版策略未体现差异化。\n\n【下轮改法】1. 重构摘要 Prompt，禁止套话，强制“主体+核心事件+关键结果”结构；2. 优化分类体系，增设“科学/航天”类目；3. 实施差异化排版，头条多图、其余降级；4. 改进整稿层级构建流程并分离 gate 检查线。\n\n【Agent责任】Editor：落实摘要、分类及排版的修订，优化层级构建流程。Tester：厘清 gate 检查边界，确保质检独立性。Neko：严格执行 impact-first 规则与发布门禁。\n话题收口：\n- 产品问题: 本轮确认摘要生成存在严重模板依赖且缺乏增量信息，根源在于层级构建滞后与 gate 检查线混淆。决定改进整稿层级构建流程并分离 gate 检查线，下一轮由 Editor 负责落实修订，Tester 负责厘清检查边界。"", ""role_improvement_plan"": ""editor 下一轮会把别人点到的问题前置处理，并把复盘总结里的要求拆成可执行检查。 当前收敛基线：【产品问题】本轮成品呈现严重的模板依赖与分类粗糙问题。摘要均以“最值得关注的是”等套话开头，未提炼如“Kanye被拒签原因”等关键增量信息；分类将NASA登月火箭归入“其他”，缺乏辨识度；首屏每条新闻均配3图，导致视觉重心分散、层级不明。…"", ""next_cycle_quality_checks"": [""四板块结构完整"", ""主推/副推/简讯归位正确"", ""修订稿准确落实 proofread required actions"", ""新增自检：确认“我先从整稿看。像《本轮主推》这种主推，层级判断本来应该在 draft.compose 就被拉开，但…”不再重复出现""]}, ""tester"": {""summary"": ""tester 负责 material review、draft proofread、product test、benchmark 与跨轮对比，先把问题结构化再放行。"", ""agent_id"": ""tester"", ""updated_at"": ""2026-04-08T03:00:27.938774+08:00"", ""version_cycle"": 2, ""exposed_issues"": [""别人指出：这轮先不做礼貌性收口，只抓最值得争的点。 1. 摘要生成存在严重的模板依赖：四条新闻摘要均以“最值得关注的是...”开头，且内容仅是对标题的同义反复，未提炼出如“Kanye被拒签原因”或“Firmus估值涨幅”等关键增量信息，阅读体验像在…"", ""我认领：我从 gate 角度说，这轮最不该被放过去的是“摘要生成存在严重的模板依赖：四条新闻摘要均以“最值得关注的是...”开头，且内容仅是对标题的同义反复，未提炼出如“Kanye被拒签原因”或“Firmus估值涨…”。如果 material.r…""], ""quality_checks"": [""blocker 未清零不得 publish"", ""product.test / benchmark / cross_cycle_compare 必须引用工件证据"", ""新增自检：确认“我从 gate 角度说，这轮最不该被放过去的是“摘要生成存在严重的模板依赖：四条新闻摘要均以“最值…”不再重复出现""], ""strategy_label"": ""tester-cycle-2-gatekeeper"", ""optimization_log"": {""combined"": [{""body"": ""tester 负责 material review、draft proofread、product test、benchmark 与跨轮对比，先把问题结构化再放行。"", ""author"": ""tester"", ""source"": ""retrospective"", ""details"": {""prefer_images"": true, ""exposed_issues"": [""别人指出：这轮先不做礼貌性收口，只抓最值得争的点。 1. 摘要截断导致信息残缺：所有新闻摘要均在句中戛然而止（如 'after Kany', 'is $200 off f'），首屏阅读体验被强行打断，用户无法获取关键信息，显得非常不专业。 2. 元…"", ""我认领：我从 gate 角度说，这轮最不该被放过去的是“摘要截断导致信息残缺：所有新闻摘要均在句中戛然而止（如 'after Kany', 'is $200 off f'），首屏阅读体验被强行打断，用户无法获取关键…”。如果 material.r…""], ""source_blacklist"": [], ""source_whitelist"": [], ""next_cycle_strategy"": [""对素材先查真实性、时效、图文一致性和可用性"", ""对 draft 只做 correctness proofread，不做产品体验评价"", ""对 final artifact 统一从读者/产品体验视角出报告"", ""针对复盘指出的问题，优先修正：这轮先不做礼貌性收口，只抓最值得争的点。 1. 摘要截断导致信息残缺：所有新闻摘要均在句中戛然而止（如 'after …""], ""role_improvement_plan"": ""tester 下一轮会把别人点到的问题前置处理，并把复盘总结里的要求拆成可执行检查。 当前收敛基线：本轮执行中，worker-33 与 worker-xhs 审核通过存在明显缺陷的成品，暴露出审核机制失效。产品层面，摘要截断导致信息残缺、元数据裸露破坏沉浸感、分类逻辑粗糙稀释高价值内容，与竞品相比首屏冲击力不足。根本原因在于层级判断滞后…"", ""next_cycle_quality_checks"": [""blocker 未清零不得 publish"", ""product.test / benchmark / cross_cycle_compare 必须引用工件证据"", ""新增自检：确认“我从 gate 角度说，这轮最不该被放过去的是“摘要截断导致信息残缺：所有新闻摘要均在句中戛然而止…”不再重复出现""]}, ""category"": ""agent_memory"", ""created_at"": ""2026-04-07T18:50:31.267895+00:00"", ""source_type"": ""agent_generated"", ""expires_after_cycle"": null, ""effective_from_cycle"": 2}], ""compiled_rules"": [], ""human_guidance"": [], ""agent_generated"": [{""body"": ""tester 负责 material review、draft proofread、product test、benchmark 与跨轮对比，先把问题结构化再放行。"", ""author"": ""tester"", ""source"": ""retrospective"", ""details"": {""prefer_images"": true, ""exposed_issues"": [""别人指出：这轮先不做礼貌性收口，只抓最值得争的点。 1. 摘要截断导致信息残缺：所有新闻摘要均在句中戛然而止（如 'after Kany', 'is $200 off f'），首屏阅读体验被强行打断，用户无法获取关键信息，显得非常不专业。 2. 元…"", ""我认领：我从 gate 角度说，这轮最不该被放过去的是“摘要截断导致信息残缺：所有新闻摘要均在句中戛然而止（如 'after Kany', 'is $200 off f'），首屏阅读体验被强行打断，用户无法获取关键…”。如果 material.r…""], ""source_blacklist"": [], ""source_whitelist"": [], ""next_cycle_strategy"": [""对素材先查真实性、时效、图文一致性和可用性"", ""对 draft 只做 correctness proofread，不做产品体验评价"", ""对 final artifact 统一从读者/产品体验视角出报告"", ""针对复盘指出的问题，优先修正：这轮先不做礼貌性收口，只抓最值得争的点。 1. 摘要截断导致信息残缺：所有新闻摘要均在句中戛然而止（如 'after …""], ""role_improvement_plan"": ""tester 下一轮会把别人点到的问题前置处理，并把复盘总结里的要求拆成可执行检查。 当前收敛基线：本轮执行中，worker-33 与 worker-xhs 审核通过存在明显缺陷的成品，暴露出审核机制失效。产品层面，摘要截断导致信息残缺、元数据裸露破坏沉浸感、分类逻辑粗糙稀释高价值内容，与竞品相比首屏冲击力不足。根本原因在于层级判断滞后…"", ""next_cycle_quality_checks"": [""blocker 未清零不得 publish"", ""product.test / benchmark / cross_cycle_compare 必须引用工件证据"", ""新增自检：确认“我从 gate 角度说，这轮最不该被放过去的是“摘要截断导致信息残缺：所有新闻摘要均在句中戛然而止…”不再重复出现""]}, ""category"": ""agent_memory"", ""created_at"": ""2026-04-07T18:50:31.267895+00:00"", ""source_type"": ""agent_generated"", ""expires_after_cycle"": null, ""effective_from_cycle"": 2}]}, ""execution_strategy"": [""对素材先查真实性、时效、图文一致性和可用性"", ""对 draft 只做 correctness proofread，不做产品体验评价"", ""对 final artifact 统一从读者/产品体验视角出报告"", ""针对复盘指出的问题，优先修正：这轮先不做礼貌性收口，只抓最值得争的点。 1. 摘要生成存在严重的模板依赖：四条新闻摘要均以“最值得关注的是...”开…""], ""next_cycle_strategy"": [""对素材先查真实性、时效、图文一致性和可用性"", ""对 draft 只做 correctness proofread，不做产品体验评价"", ""对 final artifact 统一从读者/产品体验视角出报告"", ""针对复盘指出的问题，优先修正：这轮先不做礼貌性收口，只抓最值得争的点。 1. 摘要生成存在严重的模板依赖：四条新闻摘要均以“最值得关注的是...”开…""], ""retrospective_memory"": ""【产品问题】本轮成品呈现严重的模板依赖与分类粗糙问题。摘要均以“最值得关注的是”等套话开头，未提炼如“Kanye被拒签原因”等关键增量信息；分类将NASA登月火箭归入“其他”，缺乏辨识度；首屏每条新闻均配3图，导致视觉重心分散、层级不明。\n\n【执行问题】整稿层级构建滞后，gate 检查线与内容构建流程混淆，导致低质量摘要未被拦截。\n\n【原因分析】根源在于层级构建流程缺陷及质检边界不清，导致摘要 Prompt 执行偏差，分类与排版策略未体现差异化。\n\n【下轮改法】1. 重构摘要 Prompt，禁止套话，强制“主体+核心事件+关键结果”结构；2. 优化分类体系，增设“科学/航天”类目；3. 实施差异化排版，头条多图、其余降级；4. 改进整稿层级构建流程并分离 gate 检查线。\n\n【Agent责任】Editor：落实摘要、分类及排版的修订，优化层级构建流程。Tester：厘清 gate 检查边界，确保质检独立性。Neko：严格执行 impact-first 规则与发布门禁。\n话题收口：\n- 产品问题: 本轮确认摘要生成存在严重模板依赖且缺乏增量信息，根源在于层级构建滞后与 gate 检查线混淆。决定改进整稿层级构建流程并分离 gate 检查线，下一轮由 Editor 负责落实修订，Tester 负责厘清检查边界。"", ""role_improvement_plan"": ""tester 下一轮会把别人点到的问题前置处理，并把复盘总结里的要求拆成可执行检查。 当前收敛基线：【产品问题】本轮成品呈现严重的模板依赖与分类粗糙问题。摘要均以“最值得关注的是”等套话开头，未提炼如“Kanye被拒签原因”等关键增量信息；分类将NASA登月火箭归入“其他”，缺乏辨识度；首屏每条新闻均配3图，导致视觉重心分散、层级不明。…"", ""next_cycle_quality_checks"": [""blocker 未清零不得 publish"", ""product.test / benchmark / cross_cycle_compare 必须引用工件证据"", ""新增自检：确认“我从 gate 角度说，这轮最不该被放过去的是“摘要生成存在严重的模板依赖：四条新闻摘要均以“最值…”不再重复出现""]}}",2026-04-07 18:50:43.932239+00,2026-04-07 19:00:29.368137+00
